{"stats":{"minecraft:killed":{"minecraft:zombie":4},"minecraft:picked_up":{"minecraft:bone":1,"minecraft:slime_ball":1,"pointblank:gunmetal_nugget":4,"minecraft:gunpowder":1,"minecraft:string":1},"minecraft:custom":{"minecraft:time_since_rest":11941,"minecraft:crouch_one_cm":2364,"minecraft:sprint_one_cm":7157,"minecraft:play_time":11941,"minecraft:damage_taken":337,"minecraft:walk_one_cm":13562,"minecraft:sneak_time":609,"minecraft:mob_kills":4,"minecraft:drop":2,"minecraft:jump":154,"minecraft:damage_dealt":163,"minecraft:leave_game":2,"minecraft:time_since_death":11941,"minecraft:total_world_time":11941,"minecraft:fall_one_cm":1646,"minecraft:fly_one_cm":22830},"minecraft:used":{"mutantmonsters:mutant_zombie_spawn_egg":3,"zombie_more:explosive_zombie_spawn_egg":1,"zombie_more:boomer_zombie_spawn_egg":1,"zombie_more:cursed_zombie_spawn_egg":2,"minecraft:bread":3,"minecraft:oak_planks":64,"minecraft:pig_spawn_egg":1,"zombie_more:crawler_zombie_spawn_egg":1,"zombie_more:tank_zombie_spawn_egg":1,"marbledsarsenal:police_baton":8},"minecraft:mined":{"minecraft:grass":1},"minecraft:dropped":{"minecraft:oak_planks":1,"minecraft:bone":1}},"DataVersion":3465}